{
  "longbench_mlx-qwen-7b": {
    "benchmark": "longbench",
    "model": "mlx-qwen-7b",
    "n_samples": 5,
    "metrics": {
      "mean_rouge_l": 0.29370629370629364,
      "std_rouge_l": 0.1370343912046533,
      "mean_bertscore_f1": 0.3446153846153846,
      "std_bertscore_f1": 0.0954672925392418,
      "mean_quality": 0.4050000000000001,
      "std_quality": 5.551115123125783e-17,
      "mean_n_blocks": 15.0,
      "std_n_blocks": 0.0,
      "mean_total_tokens": 2005.0,
      "std_total_tokens": 0.0,
      "mean_retrieval_time_ms": 0.31954979058355093,
      "std_retrieval_time_ms": 0.048774662450112846
    },
    "total_time_s": 9.86
  }
}